Customer_Name,Last_Order_Date,Frequency,Monetary,Total_Profit,Avg_Discount,Total_Quantity,Recency,Cluster
Aaron Bergman,2011-05-28,5,11630.589999999998,3025.84,0.032857142857142856,168,583,0
Aaron Hawkins,2011-12-29,9,27690.7255,5961.41,0.05666666666666667,370,368,1
Aaron Smayling,2012-01-19,8,8835.3235,2114.4,0.04285714285714286,303,347,0
Adam Bellavance,2012-10-02,8,11577.58,-181.93999999999994,0.045000000000000005,333,90,0
Adam Hart,2012-12-11,18,26114.2645,4071.84,0.05444444444444444,506,20,1
Adam Shillingsburg,2011-08-11,10,20059.6755,2620.75,0.050833333333333335,343,508,0
Adrian Barton,2012-05-28,2,23088.5345,-11853.029999999999,0.044000000000000004,84,217,0
Adrian Hane,2012-06-12,3,795.82,-97.49,0.07,106,202,0
Adrian Shami,2012-11-26,5,4615.54,-1291.52,0.049999999999999996,130,35,0
Aimee Bixby,2011-09-23,2,2913.65,395.71,0.045,131,465,0
Alan Barnes,2012-10-06,10,17328.985500000003,4252.26,0.05357142857142857,289,86,1
Alan Dominguez,2012-02-19,5,16282.756500000001,-6310.540000000001,0.04666666666666667,147,316,0
Alan Haines,2012-12-27,8,28060.799,5661.699999999999,0.060000000000000005,425,4,1
Alan Hwang,2012-11-11,17,26217.9035,-34.49000000000011,0.0437037037037037,689,50,1
Alan Schoenberger,2012-06-12,5,44571.925,6753.61,0.064,320,202,1
Alan Shonely,2012-10-28,4,5907.208500000001,766.03,0.0642857142857143,174,64,0
Alejandro Ballentine,2012-01-04,5,15672.391500000002,942.9500000000002,0.034444444444444444,258,362,0
Alejandro Grove,2012-09-01,9,83561.93,20588.92,0.04928571428571429,415,121,1
Alejandro Savely,2010-12-13,4,16337.61,2248.49,0.044,169,749,0
Aleksandra Gannaway,2011-12-18,10,22097.627500000002,1486.8600000000001,0.05888888888888889,556,379,1
Alex Avila,2012-12-09,9,19583.8605,1338.47,0.055714285714285716,410,22,1
Alex Grayson,2012-02-14,7,25658.761,4078.04,0.05333333333333334,481,321,1
Alex Russell,2012-12-26,8,7813.323,1487.2199999999998,0.048,279,5,0
Alice McCarthy,2012-04-18,7,12924.486,1477.61,0.062,290,257,0
Allen Armold,2012-08-30,4,6410.46,948.9699999999999,0.054285714285714284,189,123,0
Allen Golden,2012-08-29,4,4582.392,525.73,0.04,159,124,0
Allen Rosenblatt,2012-11-29,6,6367.8085,441.65000000000003,0.065,136,32,0
Alyssa Crouse,2012-11-30,6,10921.692000000001,-5772.0,0.05375,184,31,0
Alyssa Tate,2012-02-09,5,1235.3125,-523.72,0.06,111,326,0
Amy Cox,2012-05-25,12,11448.06,1340.61,0.042105263157894736,442,220,1
Amy Hunt,2012-10-30,16,26205.389499999997,3636.29,0.051500000000000004,495,62,1
Andrew Allen,2012-02-02,5,8006.9605,2412.5499999999997,0.03571428571428571,154,333,0
Andrew Gjertsen,2012-09-08,3,1406.3400000000001,92.84,0.05,111,114,0
Andrew Roberts,2012-11-21,9,24823.956000000002,724.6599999999999,0.04214285714285714,398,40,1
Andy Gerbode,2011-12-17,5,11498.087,1757.46,0.06142857142857143,177,380,0
Andy Reiter,2012-08-08,6,37037.880000000005,14681.2,0.048,199,145,1
Andy Yotov,2010-08-11,3,2635.35,-399.1,0.04,81,873,0
Anemone Ratner,2012-10-04,6,11764.877499999999,-57.199999999999925,0.05583333333333334,287,88,0
Angele Hood,2012-11-04,3,15650.15,1408.59,0.06333333333333334,73,57,0
Ann Blume,2012-12-23,7,7060.98,-2356.5,0.0475,205,8,0
Ann Chong,2012-03-03,3,7276.6235,1457.29,0.05285714285714286,126,303,0
Ann Steele,2012-12-09,7,14490.0185,-1153.9699999999998,0.064,257,22,0
Anna Andreadi,2012-12-29,7,9639.532,308.47000000000014,0.0475,194,2,0
Anna Chung,2012-09-02,3,1310.385,-759.24,0.030000000000000002,54,120,0
Anna Gayman,2010-02-10,3,1736.1284999999998,-127.75999999999999,0.05333333333333334,68,1055,0
Anna Haberlin,2011-08-30,4,10000.316499999999,-376.22999999999985,0.05285714285714286,217,489,0
Anne McFarland,2012-03-01,2,459.93,102.53999999999999,0.005,27,305,0
Anne Pryor,2012-07-18,12,27215.451,-1821.6699999999998,0.042105263157894736,417,166,1
Annie Cyprus,2011-08-31,4,6874.5905,985.94,0.0475,177,488,0
Annie Thurman,2012-12-21,12,16764.8725,2755.73,0.05263157894736842,400,10,1
Anthony Garverick,2011-02-18,7,12532.470500000001,-374.6999999999999,0.04555555555555556,250,682,0
Anthony Jacobs,2011-01-05,1,1029.47,-8.120000000000005,0.01,19,726,0
Anthony Johnson,2011-08-19,7,11276.62,1459.21,0.0375,259,500,0
Anthony O'Donnell,2012-09-22,8,25261.2195,7577.639999999999,0.042,242,100,1
Anthony Rawles,2012-10-25,10,33418.649,1488.72,0.05416666666666667,367,67,1
Anthony Witt,2012-12-24,4,11434.64,-1568.3700000000001,0.05,177,7,0
Arianne Irving,2012-01-13,7,9516.262999999999,979.54,0.06777777777777777,233,353,0
Art Ferguson,2012-12-02,7,23839.863999999998,1827.6399999999999,0.051666666666666666,345,29,0
Art Foster,2012-12-28,11,19002.9675,2692.63,0.05333333333333334,343,3,1
Art Miller,2012-04-16,8,25643.8315,1585.09,0.047692307692307694,245,259,0
Arthur Gainer,2011-03-10,6,18765.065,3388.9,0.04666666666666667,291,662,0
Arthur Prichep,2012-10-15,10,24198.182,-1679.5900000000001,0.04153846153846154,326,77,1
Arthur Wiediger,2012-09-05,3,13690.79,1042.9499999999998,0.04,170,117,0
Ashley Jarboe,2012-08-12,13,23835.046000000002,5336.23,0.05,495,141,1
Astrea Jones,2012-06-11,8,7290.117,-2741.61,0.06416666666666666,187,203,0
Barbara Fisher,2012-07-28,8,19473.143500000002,1053.0900000000001,0.0625,402,156,1
Barry Blumstein,2012-02-05,6,16694.448,3485.73,0.04083333333333333,338,330,0
Barry Franz,2012-09-06,6,24113.15,7648.05,0.05333333333333334,184,116,0
Barry French,2012-10-01,3,15179.61,-1425.9699999999998,0.037500000000000006,160,91,0
Barry Gonzalez,2012-10-29,15,60682.967,8583.59,0.04666666666666667,613,63,1
Barry Pond,2012-06-22,5,4967.58,92.25999999999999,0.054285714285714284,227,192,0
Barry Weirich,2012-12-07,8,40124.99,4784.360000000001,0.05,164,24,1
Bart Folk,2012-11-17,4,3960.31,-954.02,0.05714285714285715,199,44,0
Bart Pistole,2012-02-11,2,1220.1399999999999,185.51,0.035,55,324,0
Bart Watters,2012-12-03,5,18834.2155,4821.9800000000005,0.008,174,28,0
Becky Castell,2012-08-28,4,6868.3105,-215.77000000000007,0.05714285714285715,152,125,0
Becky Martin,2012-08-28,3,23289.899,4199.01,0.062,175,125,0
Becky Pak,2012-10-14,8,50378.1595,11765.16,0.06461538461538462,304,78,1
Ben Ferrer,2012-04-29,5,2977.9880000000003,-1090.1200000000003,0.06666666666666667,134,246,0
Ben Peterman,2012-10-28,5,14044.8845,2519.59,0.030000000000000002,163,64,0
Ben Wallace,2011-12-10,7,29600.030000000002,1161.3400000000001,0.043750000000000004,210,387,0
Benjamin Farhat,2012-11-12,7,23000.75,8394.960000000001,0.06666666666666668,363,49,1
Benjamin Patterson,2012-10-23,8,9358.584499999999,-1964.76,0.05700000000000001,160,69,0
Benjamin Venier,2012-05-13,9,42624.297,5079.57,0.034545454545454546,344,232,1
Berenike Kampe,2012-03-03,5,11540.967,1278.5,0.04,305,303,0
Beth Fritzler,2011-11-20,4,15287.673,306.6099999999999,0.0475,240,407,0
Beth Paige,2011-05-30,4,7105.945,1406.63,0.0575,254,581,0
Beth Thompson,2012-10-23,12,27214.947,-1518.4500000000003,0.051500000000000004,453,69,1
Bill Donatelli,2012-10-13,14,33880.274,4982.06,0.0416,620,79,1
Bill Eplett,2012-08-19,14,28075.790999999997,-1285.52,0.0355,407,134,1
Bill Overfelt,2012-05-25,7,24272.386000000002,651.78,0.05545454545454545,296,220,0
Bill Shonely,2012-09-27,7,16405.348,1210.6399999999999,0.057692307692307696,344,95,0
Bill Stewart,2012-09-23,4,4652.33,-2305.2,0.06333333333333334,92,99,0
Bill Tyler,2010-06-01,3,25276.14,4934.97,0.044,144,944,0
Bobby Elias,2012-08-14,9,26977.4575,1830.1499999999999,0.051875000000000004,381,139,1
Bobby Odegard,2012-11-15,8,9969.365,554.9399999999998,0.049090909090909095,288,46,0
Bobby Trafton,2012-12-09,11,31179.3485,2724.71,0.053157894736842105,644,22,1
Brad Eason,2012-10-08,7,7703.360000000001,-473.36,0.05909090909090909,320,84,0
Brad Norvell,2012-05-03,4,8982.561,937.4300000000001,0.037142857142857144,126,242,0
Brad Thomas,2012-12-27,24,36909.514,1573.2299999999998,0.047428571428571424,868,4,1
Bradley Drucker,2012-12-28,10,27911.61,4899.86,0.052941176470588235,456,3,1
Bradley Nguyen,2011-05-09,5,6970.43,-973.13,0.05000000000000001,192,602,0
Bradley Talbott,2012-11-08,4,2655.2400000000002,-2830.79,0.04,92,53,0
Brenda Bowman,2012-03-14,8,18873.73,-533.21,0.031,227,292,0
Brendan Dodson,2012-05-21,6,17576.67,3606.8399999999997,0.04875,162,224,0
Brendan Murry,2012-10-30,8,29294.96,3151.88,0.04416666666666667,336,62,1
Brendan Sweed,2012-07-27,7,23187.8,3663.7,0.034545454545454546,238,157,0
Brian Dahlen,2012-04-08,4,8989.49,-297.24000000000007,0.08833333333333333,177,267,0
Brian DeCherney,2012-08-09,6,3607.58,-248.78,0.05625,217,144,0
Brian Derr,2012-03-28,2,12976.4,207.08999999999997,0.03,154,278,0
Brian Moss,2012-03-04,8,11195.684,528.5699999999999,0.03833333333333334,312,302,0
Brian Stugart,2012-09-03,10,25889.96,1023.3500000000001,0.0425,356,119,1
Brian Thompson,2011-07-12,4,1653.25,250.17999999999998,0.038,128,538,0
Brooke Gillingham,2012-08-07,6,35679.28,7426.879999999999,0.05444444444444445,206,146,1
Brosina Hoffman,2011-10-06,3,24125.39,568.8700000000008,0.051666666666666666,151,452,0
Bruce Degenhardt,2011-06-28,5,21475.2185,1884.1999999999998,0.052000000000000005,360,552,0
Bruce Money,2012-04-10,3,1167.03,-128.05,0.006666666666666667,55,265,0
Bruce Stewart,2012-11-07,6,7739.62,1765.38,0.022,254,54,0
Bryan Davis,2012-08-05,3,2354.7,-328.18,0.05333333333333334,73,148,0
Bryan Mills,2011-08-10,6,20691.289,4621.239999999999,0.04125,211,509,0
Bryan Spruell,2012-11-22,8,7428.2390000000005,-88.39000000000007,0.035,296,39,0
Candace McMahon,2012-04-17,8,3429.75,-168.5,0.05222222222222222,286,258,0
Cari MacIntyre,2012-12-04,9,35594.996,3601.5300000000007,0.0475,420,27,1
Cari Sayre,2012-05-30,11,50702.966499999995,4816.79,0.054375,445,215,1
Cari Schnelling,2012-04-22,6,7915.03,1144.77,0.06,159,253,0
Carl Jackson,2012-11-21,4,14451.4165,3587.08,0.06,197,40,0
Carl Ludwig,2011-03-23,5,14143.66,-919.46,0.04625,166,649,0
Carl Weiss,2011-07-29,9,27483.391,3468.45,0.06571428571428571,494,521,1
Carlos Daly,2012-11-01,10,33724.7355,9218.449999999999,0.035,252,60,1
Carlos Meador,2012-03-23,12,30735.367,-3844.4500000000003,0.05238095238095238,512,283,1
Carlos Soltero,2012-10-30,20,55575.087999999996,-9.170000000000002,0.06060606060606061,896,62,1
Carol Adams,2012-04-08,4,5536.83,964.7099999999999,0.055,138,267,0
Carol Darley,2012-12-11,6,9930.7515,-1252.51,0.04777777777777778,276,20,0
Carol Triggs,2012-09-30,9,7060.3395,-1882.69,0.052727272727272734,258,92,0
Caroline Jumper,2012-09-16,9,19831.0765,601.81,0.06583333333333334,294,106,0
Cassandra Brandow,2012-10-13,4,2985.56,427.7,0.042499999999999996,103,79,0
Catherine Glotzbach,2012-10-31,7,4412.021,-752.85,0.051250000000000004,233,61,0
Cathy Armstrong,2012-08-18,7,23102.8425,-426.82000000000005,0.04076923076923077,355,135,0
Cathy Hwang,2009-10-01,2,4312.0335000000005,-102.03999999999999,0.065,94,1187,0
Cathy Prescott,2011-04-25,4,23227.850000000002,6940.27,0.0675,111,616,0
Chad Cunningham,2011-10-22,4,1486.1,534.43,0.05,124,436,0
Chad McGuire,2012-02-07,4,5121.92,902.4300000000001,0.05666666666666667,136,328,0
Chad Sievert,2012-10-28,6,29585.21,9008.97,0.051818181818181826,270,64,1
Charles Crestani,2012-02-18,10,40030.8255,5529.4400000000005,0.0475,455,317,1
Charles McCrossin,2012-06-26,5,25045.420000000002,6354.089999999999,0.047142857142857146,248,188,0
Charles Sheldon,2011-01-14,3,16978.666,297.47000000000025,0.045714285714285714,210,717,0
Charlotte Melton,2011-09-22,5,7188.12,2787.04,0.011666666666666667,151,466,0
Chloris Kastensmidt,2009-08-15,2,16178.89,2704.64,0.05,114,1234,0
Chris Cortes,2012-10-03,5,22077.733,-3615.1800000000003,0.0425,151,89,0
Chris McAfee,2011-01-17,2,350.18,69.2,0.025,29,714,0
Chris Selesnick,2012-05-11,5,9718.648,2893.1800000000003,0.028333333333333335,153,234,0
Christina Anderson,2012-05-06,5,25136.309999999998,322.0399999999997,0.03,259,239,0
Christina DeMoss,2012-03-26,5,17080.134,1272.44,0.05714285714285715,189,280,0
Christina Vanderzanden,2012-08-05,11,22776.318499999998,1467.0800000000002,0.05210526315789474,627,148,1
Christine Abelman,2012-10-24,9,45365.7505,7273.0,0.04294117647058823,471,68,1
Christine Kargatis,2011-09-07,2,293.21999999999997,56.08,0.04,30,481,0
Christine Phan,2012-08-15,4,7719.012500000001,736.28,0.04428571428571428,199,138,0
Christine Sundaresam,2011-10-29,9,17420.85,-1653.43,0.04363636363636364,301,429,0
Christopher Conant,2012-09-03,8,9465.976,-5824.13,0.041666666666666664,209,119,0
Christopher Martinez,2012-11-09,10,37289.066,6278.81,0.04684210526315789,491,52,1
Christopher Schild,2011-03-28,8,15970.5365,1464.2599999999998,0.06181818181818182,311,644,0
Christy Brittain,2012-12-13,15,29061.8675,-3541.98,0.060000000000000005,604,18,1
Chuck Clark,2012-09-10,11,36028.4065,8312.47,0.05157894736842105,543,112,1
Chuck Magee,2012-09-18,4,4466.26,103.19999999999999,0.041999999999999996,111,104,0
Chuck Sachs,2011-12-08,8,25904.601000000002,-1020.4000000000001,0.048947368421052635,357,389,0
Cindy Chapman,2012-12-25,14,27261.8975,3735.62,0.053000000000000005,483,6,1
Cindy Schnelling,2012-05-11,8,30487.0805,8542.759999999998,0.06153846153846154,282,234,1
Cindy Stewart,2012-08-30,8,12567.57,1479.1000000000001,0.052000000000000005,151,123,0
Claire Good,2012-02-27,6,8867.9435,-483.21000000000015,0.0625,225,308,0
Claudia Miner,2012-08-04,6,4561.826,-379.41999999999985,0.046,141,149,0
Clay Cheatham,2012-10-27,5,42255.168000000005,-3799.77,0.034,100,65,0
Clay Ludtke,2012-10-16,4,4428.0695,517.04,0.055,152,76,0
Clay Rozendal,2011-07-10,4,6611.4365,1698.44,0.052000000000000005,124,540,0
Clytie Kelty,2012-04-28,10,63189.95,18792.809999999998,0.049444444444444444,460,247,1
Corey Catlett,2012-06-13,5,16032.235,-361.47999999999985,0.057272727272727274,266,201,0
Corey Lock,2012-05-03,7,24161.9505,-8392.04,0.048,286,242,0
Corey Roper,2012-03-03,3,4069.6359999999995,-3.280000000000001,0.05333333333333334,81,303,0
Corinna Mitchell,2011-02-25,3,14938.990000000002,1636.97,0.04833333333333333,126,675,0
Craig Carreira,2012-05-21,1,41343.21,3852.19,0.09,8,224,0
Craig Carroll,2012-04-05,7,11493.13,1217.05,0.06777777777777777,220,270,0
Craig Leslie,2012-02-17,6,29497.484,5969.709999999999,0.034,229,318,0
Craig Molinari,2012-06-05,7,22570.3775,605.2600000000001,0.02888888888888889,219,209,0
Craig Rider,2011-03-16,2,8502.271999999999,2238.57,0.03,95,656,0
Craig Yedwab,2012-05-12,7,16360.872,1285.14,0.05625,188,233,0
Cyma Kinney,2012-02-16,3,2310.23,332.29,0.03833333333333333,99,319,0
Cynthia Arntzen,2012-11-26,16,31607.476,4010.6499999999996,0.0512,585,35,1
Cynthia Delaney,2012-06-29,9,30848.0415,5933.82,0.04833333333333334,392,185,1
Cynthia Voltz,2012-07-26,5,6031.7880000000005,-529.18,0.03166666666666667,194,158,0
Cyra Reiten,2012-10-02,4,16834.37,-8529.67,0.05333333333333334,197,90,0
Damala Kotsonis,2012-10-22,7,22970.254,1154.58,0.06076923076923077,351,70,0
Dan Campbell,2012-10-04,10,28409.9345,3051.37,0.058095238095238096,528,88,1
Dan Lawera,2011-12-17,6,23104.170000000002,2388.71,0.05416666666666667,328,380,0
Dan Reichenbach,2011-09-26,4,3468.7299999999996,531.24,0.03833333333333333,181,462,0
Dana Kaydos,2012-09-13,5,20459.4895,-5196.289999999999,0.05333333333333333,265,109,0
Daniel Byrd,2010-10-29,5,7865.08,-641.3599999999999,0.02375,264,794,0
Daniel Lacy,2012-07-26,6,5489.998,-49.559999999999945,0.04666666666666666,203,158,0
Daniel Raglin,2012-09-28,3,3321.86,184.98000000000002,0.0775,74,94,0
Dario Medina,2012-03-26,6,18937.420000000002,5286.08,0.06625,160,280,0
Darren Budd,2012-11-14,26,81577.3435,1857.6599999999999,0.04536585365853659,1140,47,1
Darren Koutras,2012-10-28,3,2437.0595000000003,-1502.24,0.01,151,64,0
Darren Powers,2012-12-25,9,9287.363,-2368.78,0.04153846153846154,355,6,0
Darrin Martin,2012-04-02,4,2074.56,77.34000000000002,0.065,171,273,0
Darrin Sayre,2012-03-09,7,23338.48,2552.34,0.06,237,297,0
Darrin Van Huff,2012-12-08,6,6043.025000000001,1141.24,0.043333333333333335,199,23,0
Dave Brooks,2010-03-13,4,15540.07,-331.96999999999997,0.041666666666666664,178,1024,0
Dave Hallsten,2012-12-02,11,23588.04,35.919999999999845,0.05333333333333334,527,29,1
Dave Kipp,2012-10-25,8,25402.173000000003,-12930.59,0.06785714285714285,408,67,0
Dave Poirier,2012-07-19,10,29249.086,4834.82,0.05333333333333333,515,165,1
David Bremer,2011-11-29,5,2209.332,-694.21,0.042857142857142864,105,398,0
David Flashing,2012-09-03,6,9564.48,-3316.11,0.05833333333333333,161,119,0
David Kendrick,2012-04-07,8,14189.536,326.96,0.0475,150,268,0
David Philippe,2012-11-03,9,15976.5345,-701.9100000000002,0.04181818181818182,292,58,0
David Smith,2012-02-26,4,3192.8705,261.22999999999996,0.04285714285714286,154,309,0
David Wiener,2011-01-20,4,3028.23,-434.02000000000004,0.05,189,711,0
Dean Braden,2011-03-13,2,5284.823,948.9200000000001,0.034999999999999996,38,659,0
Dean Katz,2012-01-08,5,11861.511999999999,710.1800000000001,0.037142857142857144,73,358,0
Dean Percer,2012-06-24,7,34987.7715,9391.55,0.04090909090909091,317,190,1
Deanra Eno,2012-11-20,13,23201.28,1011.5699999999998,0.05571428571428571,426,41,1
Deborah Brumfield,2012-01-03,12,97433.1355,31121.219999999998,0.042499999999999996,554,363,1
Debra Catini,2012-10-21,8,8421.92,-1124.06,0.06454545454545454,256,71,0
Deirdre Greer,2012-02-17,2,11346.6535,3086.0600000000004,0.036000000000000004,125,318,0
Delfina Latchford,2011-03-08,5,3541.758,318.77000000000004,0.03666666666666667,154,664,0
Denise Leinenbach,2012-07-02,6,15413.949999999999,595.5400000000001,0.055,79,182,0
Denise Monton,2012-05-27,15,22513.17,2581.13,0.04333333333333333,625,218,1
Dennis Bolton,2012-09-21,12,17099.94,2691.31,0.051428571428571435,386,101,1
Dennis Kane,2012-12-01,13,75967.59049999999,10456.519999999999,0.0645,525,30,1
Dennis Pardue,2012-10-13,11,21372.9775,603.03,0.0485,546,79,1
Denny Blanton,2011-08-16,4,12969.188,-1394.3999999999999,0.04142857142857143,93,503,0
Denny Joy,2012-04-07,5,23310.87,6838.000000000001,0.06125,185,268,0
Denny Ordway,2012-10-30,7,12916.309,1724.69,0.0425,188,62,0
Dianna Arnett,2012-03-26,5,14132.789499999999,3547.17,0.04833333333333333,201,280,0
Dianna Vittorini,2012-08-12,8,15314.538499999999,3897.54,0.041666666666666664,265,141,0
Dianna Wilson,2011-09-10,3,9611.36,-770.3299999999999,0.0325,79,478,0
Dionis Lloyd,2012-08-09,7,11855.3475,-274.16999999999996,0.05454545454545454,233,144,0
Don Jones,2012-11-26,6,8399.321,-3345.8800000000006,0.043333333333333335,117,35,0
Don Miller,2012-08-04,7,11676.57,1623.65,0.042222222222222223,199,149,0
Don Weiss,2012-04-25,4,4208.048000000001,315.62,0.038571428571428576,76,250,0
Dorothy Badders,2011-10-03,5,17521.09,-3779.63,0.04625,267,455,0
Dorothy Dickinson,2010-05-07,1,198.08,32.69,0.02,47,969,0
Dorothy Wardle,2012-12-21,9,28598.5625,-916.1900000000005,0.05235294117647059,395,10,1
Dorris Love,2012-11-05,10,15867.250000000002,4001.33,0.05692307692307692,279,56,1
Doug Bickford,2012-11-15,14,41159.648,7823.870000000001,0.05565217391304348,563,46,1
Doug Jacobs,2012-09-09,4,12966.237000000001,4214.15,0.036,123,113,0
Doug O'Connell,2012-08-04,3,721.65,-171.77,0.027999999999999997,64,149,0
Duane Benoit,2012-11-19,8,20368.3545,963.4099999999999,0.051818181818181826,227,42,0
Duane Huffman,2012-10-19,13,19668.1735,1076.62,0.04470588235294118,455,73,1
Duane Noonan,2012-12-05,5,30369.789999999997,-2558.3700000000003,0.027777777777777776,216,26,0
Ed Braxton,2012-12-07,22,75802.76,6631.179999999999,0.041842105263157896,1058,24,1
Ed Jacobs,2011-09-05,5,13887.6725,888.13,0.07833333333333332,145,483,0
Ed Ludwig,2012-07-12,7,18368.42,5101.32,0.04357142857142857,438,172,1
Edward Becker,2011-10-07,13,18149.56,1000.0500000000001,0.04833333333333333,506,451,1
Edward Hooks,2012-09-22,5,34532.76,5673.92,0.06285714285714286,266,100,1
Edward Nazzal,2012-11-18,16,54511.8035,9099.43,0.05333333333333334,707,43,1
Eileen Kiefer,2011-10-03,5,9751.536,-192.51999999999998,0.03833333333333333,152,455,0
Eleni McCrary,2012-08-29,7,30519.14,2635.13,0.04625,214,124,0
Elizabeth Moffitt,2011-04-28,6,6207.6449999999995,686.16,0.048571428571428564,146,613,0
Ellis Ballard,2011-12-07,6,25202.156499999997,5073.5599999999995,0.04777777777777778,227,390,0
Elpida Rittenbach,2011-08-08,5,9677.297999999999,1331.0900000000001,0.03375,184,511,0
Emily Burns,2012-04-22,3,573.98,-31.49,0.04,51,253,0
Emily Ducich,2010-01-01,2,26209.65,5721.789999999999,0.072,110,1095,0
Emily Grady,2012-11-28,12,28774.013499999997,6529.05,0.049473684210526316,482,33,1
Emily Phan,2012-11-26,8,117124.43800000001,34005.44,0.05800000000000001,269,35,1
Eric Barreto,2012-05-27,17,24769.844,4423.19,0.04814814814814815,585,218,1
Eric Hoffmann,2012-08-01,4,7300.165999999999,471.96000000000004,0.054285714285714284,194,152,0
Eric Murdock,2012-09-28,4,343.328,-326.49,0.035,82,94,0
Erica Bern,2012-08-07,12,60960.5295,381.27,0.052222222222222225,588,146,1
Erica Hackney,2011-12-07,3,8608.35,2004.6100000000001,0.034999999999999996,217,390,0
Erica Hernandez,2012-10-30,6,11552.286,-463.32000000000005,0.055999999999999994,287,62,0
Erica Smith,2012-01-27,6,35703.914,3536.1800000000003,0.05333333333333334,375,339,1
Erin Ashbrook,2012-10-18,7,7588.141,500.08000000000004,0.061,166,74,0
Erin Creighton,2012-09-08,9,35725.0895,5960.04,0.042777777777777776,496,114,1
Erin Mull,2012-04-17,8,32279.0255,10777.659999999998,0.03727272727272728,260,258,1
Erin Smith,2012-05-28,4,7189.49,1399.9699999999998,0.048,133,217,0
Eudokia Martin,2012-05-24,4,7913.36,1666.11,0.044,96,221,0
Eugene Barchas,2012-05-12,7,22686.213,2449.3199999999997,0.071,310,233,0
Eugene Hildebrand,2012-05-13,6,21144.72,-2109.4700000000003,0.05909090909090909,300,232,0
Eugene Moren,2012-03-25,10,20006.713,4037.6,0.05,312,281,1
Eva Jacobs,2012-08-17,9,24445.0125,4638.33,0.055625,384,136,1
Evan Bailliet,2012-01-12,6,3193.9425,-254.33999999999997,0.0425,138,354,0
Evan Henry,2012-12-25,8,7909.8155,415.29,0.06909090909090909,201,6,0
Evan Minnotte,2010-12-22,6,18286.059999999998,-126.30000000000001,0.049999999999999996,184,740,0
Filia McAdams,2012-11-18,6,29768.4295,4826.89,0.04111111111111111,269,43,0
Frank Atkinson,2012-10-27,5,16155.5745,1467.1,0.04111111111111111,248,65,0
Frank Carlisle,2012-07-09,3,2810.08,-1716.86,0.056666666666666664,40,175,0
Frank Gastineau,2012-03-19,4,14006.923999999999,-572.7099999999998,0.044,169,287,0
Frank Hawley,2012-04-27,7,34301.5175,2596.92,0.04583333333333334,314,248,1
Frank Merwin,2012-03-24,12,35110.0595,5068.78,0.04875,382,282,1
Frank Olsen,2012-07-21,3,1948.8899999999999,88.14999999999998,0.0175,88,163,0
Frank Price,2012-04-15,4,8811.6155,2372.28,0.04,125,260,0
Fred Chung,2012-06-26,5,4054.161,319.54999999999995,0.041428571428571426,165,188,0
Fred Harton,2012-10-07,9,20464.268,-71.54000000000003,0.04294117647058823,481,85,1
Fred Hopkins,2010-12-19,2,968.8689999999999,-176.01000000000002,0.03333333333333333,56,743,0
Fred McMath,2012-09-06,9,25607.338000000003,1774.44,0.0425,470,116,1
Fred Wasserman,2011-09-12,7,7487.9580000000005,1005.98,0.04818181818181819,220,476,0
Gary Hansen,2012-01-05,3,2441.45,273.16999999999996,0.05,95,361,0
Gary Hwang,2012-11-01,11,21771.254,-3923.27,0.06384615384615386,422,60,1
Gary McGarr,2011-11-19,7,14519.9335,973.4699999999999,0.055,254,408,0
Gary Mitchum,2012-06-07,3,848.0699999999999,17.63,0.05600000000000001,89,207,0
Gary Zandusky,2012-10-26,7,18544.038,2815.9100000000003,0.05,234,66,0
Gene Hale,2011-09-24,6,6647.6075,597.89,0.031,202,464,0
Gene McClure,2011-11-19,6,7686.2,-1155.3799999999999,0.05875,188,408,0
George Ashbrook,2012-06-11,10,11322.7605,1054.29,0.06285714285714286,374,203,0
George Bell,2012-12-03,5,2952.9385,-290.25,0.044444444444444446,184,28,0
George Zrebassa,2012-09-22,6,16325.09,702.69,0.07272727272727274,298,100,0
Georgia Rosenberg,2012-02-08,8,15647.49,2364.92,0.045,235,327,0
Giulietta Baptist,2012-10-25,5,6292.67,1394.8400000000001,0.055714285714285716,230,67,0
Giulietta Dortch,2012-10-06,19,58679.845,11118.6,0.05071428571428571,734,86,1
Giulietta Weimer,2012-12-25,8,15839.2955,-2075.0899999999997,0.065,492,6,1
Grace Kelly,2011-12-09,4,3714.3465,-980.4300000000001,0.055,202,388,0
Grant Carroll,2012-11-11,17,88417.0025,27977.29,0.0437037037037037,739,50,1
Grant Donatelli,2012-09-12,4,15285.53,-1093.8400000000001,0.06833333333333334,156,110,0
Grant Thornton,2012-12-02,12,15596.5505,3424.3,0.037647058823529415,428,29,1
Greg Guthrie,2011-03-26,12,33090.42,939.47,0.040952380952380955,546,646,1
Greg Hansen,2012-03-24,5,14132.98,5708.26,0.05666666666666667,216,282,0
Greg Matthias,2011-02-06,7,13256.2455,-4159.34,0.041,221,694,0
Greg Maxwell,2012-05-05,3,16229.687999999998,3995.03,0.05333333333333334,104,240,0
Greg Tran,2012-09-10,5,30119.413,8686.039999999999,0.049999999999999996,186,112,0
Guy Armstrong,2012-11-29,10,18803.822,-974.5499999999998,0.042,375,32,1
Guy Phonely,2012-07-11,7,10399.8755,133.97000000000003,0.06,182,173,0
Guy Thornton,2012-07-02,7,18690.3785,4819.1,0.05555555555555555,276,182,0
Hallie Redmond,2012-09-05,8,11546.658,-4139.26,0.06363636363636364,156,117,0
Harold Dahlen,2012-05-12,15,46556.162,7004.46,0.055,602,233,1
Harold Engle,2012-05-26,12,52882.2825,12636.17,0.05611111111111111,535,219,1
Harold Pawlan,2012-12-18,7,24331.446,1216.6999999999998,0.04076923076923077,334,13,0
Harold Ryan,2012-10-29,9,35884.06,10571.800000000001,0.04,371,63,1
Harry Greene,2012-07-09,3,11194.87,2336.63,0.06333333333333334,98,175,0
Harry Marie,2012-07-26,5,15678.463,-1806.87,0.05222222222222222,281,158,0
Heather Jas,2011-07-24,3,714.24,4.700000000000003,0.06333333333333334,113,526,0
Heather Kirkland,2012-03-15,4,17307.548,851.32,0.045,181,291,0
Helen Abelman,2011-09-26,5,15996.559500000001,2452.46,0.045000000000000005,219,462,0
Helen Andreada,2012-10-30,10,18378.804,1200.27,0.032857142857142856,308,62,0
Helen Wasserman,2012-06-26,14,44416.364,394.1500000000003,0.046363636363636364,551,188,1
Henia Zydlo,2012-10-31,4,12998.33,-1154.8500000000001,0.05833333333333334,207,61,0
Henry Goldwyn,2012-07-16,6,26629.809500000003,4887.5199999999995,0.039,243,168,0
Henry MacAllister,2012-03-16,3,1348.4615,-127.98000000000002,0.02333333333333333,31,290,0
Herbert Flentye,2010-12-07,3,4189.175,-1168.02,0.044,39,755,0
Hilary Holden,2012-09-10,6,33997.323000000004,2838.64,0.05266666666666667,408,112,1
Hunter Glantz,2012-03-23,2,6445.83,-188.57,0.06,83,283,0
Hunter Lopez,2012-11-10,4,16454.35,-193.7099999999999,0.058750000000000004,225,51,0
Ionia McGrath,2012-11-28,13,42314.597499999996,11641.77,0.042777777777777776,449,33,1
Irene Maddox,2012-03-22,5,19836.305,-6240.160000000001,0.05625,153,284,0
Ivan Gibson,2012-10-17,3,706.88,-279.36,0.07,83,75,0
Ivan Liston,2012-10-30,8,38880.47,6647.08,0.06692307692307692,345,62,1
Jack Garza,2012-10-05,6,13571.349,700.8699999999999,0.0725,182,87,0
Jack Lebron,2012-12-03,14,51155.799,-1498.3,0.056818181818181816,493,28,1
Jack O'Briant,2012-10-24,21,56974.694,11359.99,0.05392857142857143,662,68,1
James Galang,2012-04-07,8,17932.791,469.7599999999999,0.05846153846153846,391,268,0
James Lanier,2011-12-16,8,29846.969999999998,5862.66,0.062307692307692314,370,381,1
Jamie Frazer,2011-12-15,4,3980.79,-473.7200000000001,0.0875,85,382,0
Jamie Kunitz,2012-11-09,6,27842.06,8676.74,0.04625,134,52,0
Jane Waco,2012-06-19,4,4598.5475,832.18,0.028571428571428574,217,195,0
Janet Lee,2012-06-14,7,21422.0875,3075.95,0.05818181818181818,332,200,0
Janet Martin,2012-10-27,9,34383.84,10601.75,0.034545454545454546,280,65,1
Janet Molinari,2012-03-30,3,1348.64,94.35999999999999,0.06,89,276,0
Jas O'Carroll,2011-11-18,10,18982.228499999997,457.54,0.05375,417,409,1
Jason Fortune,2011-05-06,4,22455.0155,4338.1,0.05333333333333333,283,605,0
Jason Gross,2011-05-14,2,1484.04,526.87,0.03333333333333333,51,597,0
Jason Klamczynski,2012-11-03,7,23074.469,-1230.1299999999999,0.057272727272727274,316,58,0
Jasper Cacioppo,2012-07-16,7,61350.090000000004,488.6800000000005,0.04416666666666667,285,168,1
Jay Fine,2012-10-16,6,28113.7805,-145.8599999999999,0.059166666666666666,308,76,0
Jay Kimmel,2012-04-23,3,16429.3,1470.49,0.05,145,252,0
Jenna Caffey,2012-07-27,8,10648.5085,-2088.28,0.04307692307692308,316,157,0
Jennifer Braxton,2012-06-29,6,13013.1375,793.15,0.052000000000000005,199,185,0
Jennifer Ferguson,2012-12-03,8,20998.6675,2019.94,0.051818181818181826,266,28,0
Jennifer Halladay,2012-12-15,5,17299.48,4512.4,0.045000000000000005,213,16,0
Jennifer Jackson,2012-12-29,7,11314.66,534.8599999999999,0.05454545454545454,303,2,0
Jennifer Patt,2012-09-01,10,42356.003,5516.5199999999995,0.059444444444444446,424,121,1
Jeremy Ellison,2012-10-29,3,5524.13,903.33,0.056666666666666664,91,63,0
Jeremy Farry,2012-04-25,2,85.72,6.81,0.08,28,250,0
Jeremy Lonsdale,2011-08-10,7,19810.635500000004,2360.83,0.06733333333333333,429,509,0
Jeremy Pistek,2012-12-15,8,6987.7705,-1070.14,0.05900000000000001,228,16,0
Jessica Myrick,2012-04-28,6,10295.92,-1297.4900000000002,0.05700000000000001,258,247,0
Jesus Ocampo,2011-02-18,4,9561.57,2190.19,0.05800000000000001,139,682,0
Jill Fjeld,2012-10-31,4,5215.4400000000005,156.77999999999997,0.028333333333333335,180,61,0
Jill Matthias,2012-10-22,7,13624.053,-5627.709999999999,0.048571428571428564,138,70,0
Jill Stevenson,2012-11-27,5,27256.4905,7704.429999999999,0.06714285714285714,219,34,0
Jim Epp,2012-12-30,12,32331.5135,7836.099999999999,0.058,440,1,1
Jim Karlsson,2012-10-26,7,20482.911,265.84,0.0525,307,66,0
Jim Kriz,2012-04-24,9,19534.1595,2001.1000000000001,0.057692307692307696,421,251,1
Jim Mitchum,2012-12-10,5,7852.3585,442.5,0.05900000000000001,253,21,0
Jim Radford,2012-04-15,7,35978.138999999996,1472.0,0.04,228,260,0
Jim Sink,2012-05-20,9,33491.987,1053.15,0.053636363636363635,393,225,1
Jocasta Rupert,2012-05-04,3,24107.399999999998,6788.74,0.025,101,241,0
Joe Elijah,2011-08-01,6,4138.4285,-324.02,0.0475,253,518,0
Joe Kamberova,2011-08-06,2,5761.31,-700.02,0.04666666666666667,81,513,0
Joel Eaton,2012-11-16,6,8024.3595,748.91,0.04875,135,45,0
Joel Jenkins,2011-05-03,3,865.26,-106.58,0.0475,85,608,0
John Castell,2012-08-10,11,34824.3215,7554.719999999999,0.049999999999999996,357,143,1
John Dryer,2010-10-02,8,11427.09,1173.96,0.036923076923076927,283,821,0
John Grady,2012-02-07,3,1764.71,556.1999999999999,0.02,71,328,0
John Huston,2012-05-11,2,4039.1000000000004,275.98,0.023333333333333334,71,234,0
John Lee,2012-04-03,10,22803.96,609.1399999999999,0.05611111111111111,620,272,1
John Lucas,2012-12-02,14,79696.1875,12725.08,0.04888888888888889,553,29,1
John Murray,2012-10-19,7,37036.0265,7254.95,0.054615384615384614,342,73,1
John Stevenson,2012-03-02,4,48660.873,18849.93,0.04125,130,304,1
Jonathan Doherty,2012-12-11,14,37345.1535,6075.26,0.05,574,20,1
Jonathan Howell,2012-01-31,5,2835.7165,149.32999999999996,0.04,127,335,0
Joni Blumstein,2012-12-18,14,22179.0535,4786.299999999999,0.053125000000000006,388,13,1
Joni Sundaresam,2012-09-19,3,650.77,-146.62,0.065,70,103,0
Joni Wasserman,2012-12-03,8,6869.836,-1155.53,0.05333333333333334,248,28,0
Joseph Airdo,2012-04-27,12,15920.8105,3037.7,0.04733333333333333,365,248,1
Joseph Holt,2011-08-28,3,9426.5,1774.5,0.02666666666666667,114,491,0
Joy Bell,2012-10-07,6,22948.7625,2501.8900000000003,0.06090909090909091,319,85,0
Joy Daniels,2012-12-24,3,4697.7235,579.44,0.052000000000000005,110,7,0
Joy Smith,2012-07-07,16,40768.833,5132.99,0.05142857142857143,754,177,1
Julia Barnett,2012-12-12,12,80044.452,-1956.0900000000001,0.04238095238095238,633,19,1
Julia Dunbar,2012-06-11,9,20868.0975,738.4300000000001,0.046875,453,203,1
Julia West,2012-06-11,9,44021.42,-14154.29,0.044,275,203,0
Juliana Krohn,2012-10-23,8,46672.009,232.43000000000023,0.050666666666666665,323,69,1
Julie Creighton,2012-10-05,5,4143.558,-169.58,0.04,165,87,0
Julie Kriz,2012-03-30,6,35294.479999999996,2243.64,0.06125,201,276,0
Julie Prescott,2012-03-02,6,20917.49,3842.1400000000003,0.03777777777777778,204,304,0
Justin Deggeller,2011-10-21,3,3600.1440000000002,121.06,0.046,172,437,0
Justin Ellison,2012-04-28,6,25264.15,4532.699999999999,0.05222222222222222,208,247,0
Justin Hirsh,2012-07-21,11,12303.6725,358.7599999999999,0.06411764705882353,334,163,0
Justin Knight,2011-12-14,8,18807.251,1365.6299999999999,0.03368421052631579,375,383,0
Justin MacKendrick,2012-08-02,4,37675.81,11033.87,0.049999999999999996,200,151,1
Kalyca Meade,2011-11-18,4,1661.21,330.37,0.04000000000000001,103,409,0
Karen Bern,2011-08-25,3,1563.7075,110.75,0.045,124,494,0
Karen Carlisle,2012-06-09,11,59313.323,21731.53,0.05733333333333333,339,205,1
Karen Daniels,2011-11-15,4,13235.8,-2649.46,0.06875,218,412,0
Karen Ferguson,2012-10-17,5,13649.0635,-269.27000000000004,0.05375,119,75,0
Karen Seio,2012-08-11,6,24491.428,3543.09,0.05583333333333334,299,142,0
Karl Brown,2012-08-21,14,44992.831,9625.32,0.05565217391304348,663,132,1
Katharine Harms,2012-02-23,3,20914.09,3469.5299999999997,0.0625,136,312,0
Katherine Ducich,2012-08-28,4,4159.3485,369.78999999999996,0.05285714285714286,154,125,0
Katherine Hughes,2012-10-26,6,13096.347,263.10999999999973,0.05375,196,66,0
Katherine Murray,2012-06-02,4,19712.9755,4972.719999999999,0.06375,157,212,0
Katherine Nockton,2012-06-29,11,25005.516,-677.25,0.04642857142857143,321,185,1
Katrina Bavinger,2012-11-28,5,22584.1505,5259.99,0.04666666666666667,137,33,0
Katrina Edelman,2011-06-06,2,180.76000000000002,-103.22,0.034999999999999996,37,574,0
Katrina Willman,2012-06-07,7,25168.8965,-1299.6399999999999,0.049166666666666664,310,207,0
Kean Nguyen,2012-07-25,7,9277.925000000001,2464.73,0.05555555555555555,244,159,0
Kean Takahito,2010-04-08,2,7570.142,848.3100000000001,0.023333333333333334,56,998,0
Kean Thornton,2012-12-19,6,6832.89,-434.8100000000001,0.05444444444444444,239,12,0
Keith Dawkins,2012-03-02,13,16010.503499999999,1236.1100000000001,0.050555555555555555,348,304,1
Keith Herrera,2012-01-10,4,11261.0755,179.26,0.03,161,356,0
Kelly Andreada,2012-10-15,8,17624.8235,1772.35,0.061250000000000006,160,77,0
Kelly Collister,2011-07-27,3,471.81000000000006,-221.64999999999998,0.08,68,523,0
Kelly Lampkin,2012-03-20,7,10990.5905,2360.64,0.028333333333333332,286,286,0
Kelly Williams,2012-11-20,9,16900.5895,-2026.8000000000002,0.04,305,41,0
Ken Black,2012-09-30,4,2521.81,227.85000000000002,0.0175,81,92,0
Ken Brennan,2012-07-12,7,23058.260000000002,-1978.6,0.05600000000000001,230,172,0
Ken Dana,2012-09-29,8,25530.4675,1577.49,0.03916666666666666,342,93,1
Ken Heidel,2012-12-16,7,24303.194,962.2300000000006,0.04818181818181819,251,15,0
Ken Lonsdale,2012-11-01,10,17304.675499999998,4030.2400000000002,0.0642857142857143,310,60,1
Khloe Miller,2012-10-16,12,22488.41,-5138.28,0.04470588235294118,360,76,1
Kimberly Carter,2011-11-09,8,14097.117,1722.42,0.041666666666666664,323,418,0
Kristen Hastings,2012-01-08,4,15895.72,1890.36,0.046,248,358,0
Kristina Nunn,2012-07-28,7,14244.1795,532.71,0.048571428571428564,391,156,0
Larry Blacks,2012-11-24,3,2556.21,-40.629999999999995,0.054000000000000006,91,37,0
Larry Hughes,2011-07-23,3,1993.067,-130.97,0.0525,108,527,0
Larry Tron,2012-10-04,11,24029.357500000002,3004.83,0.045625,513,88,1
Laura Armstrong,2012-08-22,7,12394.490000000002,-563.5699999999999,0.043000000000000003,312,131,0
Laurel Beltran,2012-04-11,4,4531.912,-917.4000000000001,0.035,41,264,0
Laurel Elliston,2012-10-18,9,28981.8145,5526.79,0.05473684210526316,399,74,1
Laurel Workman,2012-12-11,4,21138.760000000002,-12587.05,0.06285714285714286,131,20,0
Lauren Leatherbury,2012-11-24,15,34621.9395,-11152.83,0.049999999999999996,657,37,1
Lela Donovan,2012-10-02,9,38012.0305,8629.99,0.055625,394,90,1
Lena Cacioppo,2010-12-04,4,2939.316,320.47999999999996,0.04833333333333334,167,758,0
Lena Creighton,2012-12-21,15,48460.135,2104.4000000000005,0.052142857142857144,718,10,1
Lena Hernandez,2012-09-16,4,7008.4265000000005,-794.87,0.066,167,106,0
Lena Radford,2012-12-27,7,5169.2175,-576.5799999999999,0.046363636363636364,251,4,0
Linda Cazamias,2009-09-18,2,12119.77,4264.0599999999995,0.0425,126,1200,0
Linda Southworth,2012-05-12,10,26407.6725,4023.65,0.05555555555555555,503,233,1
Lindsay Castell,2012-05-22,8,16702.97,3586.49,0.06,205,223,0
Lindsay Shagiari,2012-10-28,5,6084.9265,-3978.52,0.07,122,64,0
Lindsay Williams,2012-09-12,3,8598.7135,3462.96,0.07333333333333333,62,110,0
Lisa DeCherney,2012-12-20,13,67914.0005,3619.4700000000003,0.046363636363636364,674,11,1
Lisa Hazard,2012-11-15,6,11459.3025,3006.16,0.03272727272727273,260,46,0
Lisa Ryan,2012-12-08,3,3489.29,-258.62000000000006,0.045,105,23,0
Liz Carlisle,2012-11-05,9,12282.804,1596.38,0.060000000000000005,207,56,0
Liz MacKendrick,2012-07-02,14,76306.4315,20397.24,0.049,590,182,1
Liz Pelletier,2012-04-11,9,16967.415,267.33000000000004,0.06133333333333334,315,264,0
Liz Price,2012-11-07,13,23662.4305,3727.02,0.039047619047619046,638,54,1
Liz Thompson,2012-08-14,4,506.8,-147.24,0.0675,99,139,0
Liz Willingham,2012-10-18,10,33230.628,4511.86,0.05,412,74,1
Logan Currie,2011-10-19,3,8520.4,901.19,0.037500000000000006,62,439,0
Logan Haushalter,2012-12-29,12,50662.9455,18348.53,0.06333333333333334,474,2,1
Lori Olson,2012-07-14,4,3194.0299999999997,1103.8000000000002,0.042,105,170,0
Luke Foster,2012-10-01,4,21231.0,2210.7400000000002,0.04666666666666667,172,91,0
Luke Schmidt,2012-07-24,11,27762.451999999997,4327.56,0.06277777777777778,442,160,1
Luke Weiss,2012-12-11,7,15534.386,4536.11,0.04818181818181819,309,20,0
Lycoris Saunders,2012-12-28,13,46429.649999999994,9387.82,0.05454545454545456,572,3,1
Lynn Smith,2011-04-25,7,5371.4,-3630.2700000000004,0.051111111111111114,240,616,0
Magdelene Morse,2012-06-27,8,30412.951,6249.38,0.04461538461538461,289,187,1
Marc Crier,2012-11-06,14,34298.65,5046.56,0.04470588235294118,353,55,1
Marc Harrigan,2010-02-02,3,3628.6805000000004,815.19,0.05666666666666667,82,1063,0
Maria Bertelson,2012-03-02,15,29606.0065,1693.1399999999999,0.0572,600,304,1
Maria Etezadi,2009-08-06,1,1219.2485,132.79,0.01,46,1243,0
Maria Zettner,2012-09-02,8,19871.816,-3553.6,0.05916666666666667,304,120,0
Maribeth Dona,2012-06-07,6,37359.520000000004,-3418.38,0.045000000000000005,235,207,0
Maribeth Schnelling,2012-08-27,4,1722.5100000000002,-385.37,0.048,130,126,0
Maribeth Yedwab,2012-12-30,7,10653.8195,-1109.55,0.061,241,1,0
Marina Lichtenstein,2012-07-28,4,3238.911,-189.22,0.064,98,156,0
Maris LaWare,2011-11-17,2,5062.991999999999,1189.11,0.06333333333333334,89,410,0
Mark Cousins,2012-07-19,18,70579.72750000001,8377.36,0.058928571428571434,786,165,1
Mark Haberlin,2012-07-02,4,3728.5860000000002,-603.59,0.06625,182,182,0
Mark Hamilton,2011-12-12,1,450.99,-91.07,0.03,38,385,0
Mark Packer,2011-02-27,7,9782.5655,1499.62,0.04666666666666666,269,673,0
Mark Van Huff,2012-01-04,3,13864.7975,-657.1999999999999,0.045,98,362,0
Mary O'Rourke,2011-05-07,3,4110.91,408.09,0.035,117,604,0
Mary Zewe,2012-10-14,3,23190.2165,8654.06,0.05,129,78,0
MaryBeth Skach,2012-08-01,6,14278.497,3301.6099999999997,0.02909090909090909,305,152,0
Mathew Reese,2012-06-08,9,25012.9705,1723.5699999999997,0.05941176470588235,519,206,1
Matt Abelman,2012-08-12,12,60962.347,-2256.84,0.06722222222222222,555,141,1
Matt Collins,2011-03-04,5,10578.3685,1171.4599999999998,0.052500000000000005,170,668,0
Matt Collister,2012-03-14,10,23724.928,1881.06,0.04647058823529412,520,292,1
Matt Connell,2012-10-15,7,23881.36,4902.67,0.05,356,77,1
Matt Hagelstein,2012-12-30,3,683.8999999999999,54.77,0.07333333333333333,61,1,0
Matthew Clasen,2012-08-12,3,775.9499999999999,115.18,0.032,78,141,0
Matthew Grinstein,2012-10-28,10,38698.7895,6076.2300000000005,0.043333333333333335,510,64,1
Maureen Fritzler,2012-04-17,6,12873.3755,3931.42,0.0575,249,258,0
Maureen Gastineau,2012-09-14,7,29885.510000000002,4485.35,0.054285714285714284,333,108,1
Maureen Grace,2010-05-29,1,3681.7495,1196.44,0.01,43,947,0
Maurice Satty,2012-12-24,4,555.82,-69.86,0.0675,56,7,0
Max Engle,2012-01-05,6,2681.0225,-1668.5,0.038,200,361,0
Max Jones,2012-10-04,10,29810.989999999998,6022.59,0.047692307692307694,382,88,1
Max Ludwig,2011-01-04,4,10922.702,2542.2200000000003,0.08166666666666667,173,727,0
Maxwell Schwartz,2012-08-04,11,30928.836499999998,-6043.8499999999985,0.036250000000000004,366,149,1
Maya Herman,2012-09-12,7,7274.6065,-413.74,0.05272727272727273,221,110,0
Meg O'Connel,2012-11-05,11,30557.7815,-7411.169999999999,0.047058823529411764,508,56,1
Meg Tillman,2012-07-15,8,29898.234500000002,1752.5500000000002,0.049999999999999996,377,169,1
Melanie Page,2011-12-07,5,19415.425,2808.4,0.05000000000000001,344,390,0
Michael Chen,2011-12-16,4,25141.737,4295.95,0.025,209,381,0
Michael Dominguez,2012-10-11,16,18670.6405,2352.91,0.049473684210526316,462,81,1
Michael Grace,2012-12-15,8,10884.82,1748.3400000000001,0.045,404,16,0
Michael Granlund,2012-08-22,8,10476.986499999999,1453.0200000000002,0.054615384615384614,359,131,0
Michael Kennedy,2012-06-27,5,6339.3115,354.34999999999997,0.0642857142857143,244,187,0
Michael Moore,2012-08-26,5,15077.853,-55.79000000000006,0.06666666666666667,133,127,0
Michael Nguyen,2011-03-15,3,17409.38,4427.07,0.04,111,657,0
Michael Oakman,2012-11-30,11,47040.004,493.30999999999995,0.043888888888888894,456,31,1
Michael Paige,2012-10-09,5,9111.51,843.12,0.06333333333333334,171,83,0
Michael Stewart,2012-08-21,5,6140.259,-567.8299999999999,0.06777777777777777,177,132,0
Michelle Arnett,2012-10-25,7,11529.583499999999,209.50000000000006,0.038571428571428576,374,67,0
Michelle Ellison,2012-08-05,12,34308.89,1091.6599999999999,0.04611111111111112,490,148,1
Michelle Huthwaite,2012-06-18,7,13895.8125,1703.48,0.050833333333333335,349,196,0
Michelle Lonsdale,2012-11-23,9,34524.2525,7936.21,0.04,286,38,1
Michelle Moray,2012-03-30,9,33055.1975,7012.39,0.04800000000000001,433,276,1
Michelle Tran,2012-08-09,10,10174.2555,-4306.36,0.05384615384615384,314,144,0
Mick Brown,2010-08-09,4,14156.22,2471.4,0.043333333333333335,169,875,0
Mick Crebagga,2012-12-10,12,31042.314,-705.64,0.052500000000000005,519,21,1
Mick Hernandez,2012-06-10,3,793.38,-347.07,0.03333333333333333,99,204,0
Mike Caudle,2012-04-15,4,19580.65,5752.4400000000005,0.03142857142857143,198,260,0
Mike Gockenbach,2011-09-12,6,10820.539999999999,314.30000000000007,0.034444444444444444,285,476,0
Mike Kennedy,2012-08-18,10,16929.76,4291.349999999999,0.062142857142857146,382,135,1
Mike Pelletier,2012-09-12,6,17243.277,2296.64,0.045,252,110,0
Mike Vittorini,2012-08-14,8,20601.493,3537.0,0.043000000000000003,289,139,0
Mitch Gastineau,2012-10-01,8,48521.1685,9743.16,0.05538461538461538,424,91,1
Mitch Webber,2011-10-25,5,13806.53,-2185.86,0.0525,223,433,0
Mitch Willingham,2012-07-13,7,30525.550000000003,5386.61,0.049999999999999996,376,171,1
Monica Federle,2012-11-06,7,6626.16,-18.64999999999999,0.04090909090909091,300,55,0
Muhammed Lee,2012-10-16,7,27109.49,6036.99,0.051666666666666666,352,76,1
Muhammed MacIntyre,2012-09-01,8,8796.42,-1100.0700000000002,0.04692307692307692,322,121,0
Muhammed Yedwab,2012-11-26,16,62544.0205,8661.93,0.05954545454545455,497,35,1
Nancy Lomonaco,2011-05-20,6,20751.6195,4481.089999999999,0.04375,248,591,0
Naresj Patel,2012-09-04,8,27886.420000000002,7421.45,0.03928571428571429,414,118,1
Nat Carroll,2012-12-10,7,8415.2545,677.51,0.045,192,21,0
Nat Gilpin,2012-04-29,7,6346.413500000001,-327.69,0.06285714285714286,133,246,0
Natalie DeCherney,2010-06-14,1,125.9,5.85,0.04,21,931,0
Natalie Fritzler,2012-05-17,2,3005.61,546.11,0.055,112,228,0
Natalie Webber,2012-12-04,15,13564.495,2376.4900000000002,0.04833333333333334,402,27,1
Nathan Cano,2012-07-10,5,4284.06,806.4100000000001,0.04833333333333334,171,174,0
Nathan Gelder,2012-08-06,5,14532.89,2188.0499999999997,0.04625,163,147,0
Nathan Mautz,2012-11-19,17,54917.7325,1316.2199999999998,0.035454545454545454,647,42,1
Neil Ducich,2010-09-17,4,4263.9580000000005,433.46000000000004,0.05833333333333333,143,836,0
Neil French,2012-07-29,8,19448.710499999997,2014.6999999999998,0.06076923076923077,274,155,0
Neil Knudson,2012-11-06,14,29858.367,4021.08,0.04318181818181818,570,55,1
Neola Schneider,2011-05-30,4,6013.87,632.1899999999998,0.05857142857142857,212,581,0
Neoma Murray,2012-12-09,4,19406.442000000003,-697.1800000000003,0.0675,249,22,0
Nick Crebassa,2012-09-30,8,45458.407,14712.949999999999,0.04461538461538462,432,92,1
Nick Radford,2012-08-15,5,12877.18,-682.01,0.03,242,138,0
Nick Zandusky,2011-06-12,7,14815.813,-1185.28,0.03666666666666667,208,568,0
Nicole Brennan,2012-09-14,15,44184.6035,-925.2699999999998,0.05454545454545454,545,108,1
Nicole Fjeld,2010-09-01,2,153.03,-82.19,0.060000000000000005,44,852,0
Nicole Hansen,2012-05-04,8,20471.19,-522.72,0.05333333333333334,311,241,0
Noah Childs,2011-12-18,3,7636.6225,657.8999999999999,0.06166666666666667,136,379,0
Noel Staavos,2012-04-27,12,59092.098,14556.300000000001,0.04904761904761905,548,248,1
Nona Balk,2012-07-29,6,14075.318500000001,1561.6000000000001,0.055,278,155,0
Nora Paige,2012-12-26,11,17197.7,1264.14,0.049411764705882356,457,5,1
Nora Pelletier,2012-09-30,8,22648.883,4143.2300000000005,0.05692307692307692,273,92,0
Nora Price,2012-12-16,18,25399.844,2516.39,0.04357142857142857,675,15,1
Odella Nelson,2012-10-24,9,13080.812,679.1899999999999,0.04625,366,68,0
Olvera Toch,2012-02-23,7,24633.7035,7975.32,0.05,452,312,1
Pamela Coakley,2012-07-17,2,564.7035,17.360000000000003,0.04,68,167,0
Pamela Stobb,2012-10-29,5,13306.16,2901.3399999999997,0.058750000000000004,227,63,0
Parhena Norris,2012-07-20,4,31955.079,834.51,0.05,178,164,0
Patricia Hirasaki,2012-07-21,3,2576.17,720.61,0.042499999999999996,143,163,0
Patrick Bzostek,2012-09-14,6,35495.4365,8341.7,0.04230769230769231,346,108,1
Patrick Gardner,2012-03-30,5,15785.506499999998,3285.36,0.042,140,276,0
Patrick Jones,2012-11-10,17,35186.024,167.3600000000001,0.047,713,51,1
Patrick O'Brill,2012-03-17,7,8970.3945,379.74,0.043,222,289,0
Patrick O'Donnell,2012-12-06,8,13551.109999999999,545.9,0.047,250,25,0
Patrick Ryan,2012-10-23,12,23111.3105,5970.0199999999995,0.04666666666666667,340,69,1
Paul Gonzalez,2011-03-07,2,567.89,-83.35000000000001,0.025,75,665,0
Paul Knutson,2012-10-28,7,26188.544500000004,3581.9599999999996,0.05,234,64,0
Paul Lucas,2010-10-20,4,1911.6100000000001,-479.21,0.055,99,803,0
Paul MacIntyre,2012-07-14,6,13812.44,2705.0600000000004,0.045,213,170,0
Paul Prost,2011-03-23,8,4487.6995,252.32000000000005,0.05363636363636364,217,649,0
Paul Stevenson,2012-06-13,4,15715.4345,493.75,0.037142857142857144,173,201,0
Paul Van Hugh,2012-03-04,4,40839.29,7531.210000000001,0.051666666666666666,189,302,0
Pauline Chand,2012-11-18,14,38343.6275,5887.63,0.045000000000000005,537,43,1
Pauline Johnson,2010-02-24,3,6044.71,-623.03,0.028000000000000004,136,1041,0
Pauline Webber,2012-09-25,9,26405.7275,4342.2,0.06153846153846154,236,97,1
Penelope Sewall,2012-09-18,7,14089.9085,488.54999999999995,0.046363636363636364,323,104,0
Pete Armstrong,2012-07-09,5,13712.1675,2433.45,0.05,208,175,0
Pete Kriz,2010-08-03,2,604.79,48.879999999999995,0.04,42,881,0
Pete Takahito,2012-11-10,5,8694.495,350.1700000000001,0.06,231,51,0
Peter Buhler,2012-08-19,5,9281.88,616.3399999999999,0.04666666666666667,175,134,0
Peter Fuller,2012-01-13,11,54715.744,8264.119999999999,0.034,655,353,1
Peter McVee,2012-09-15,3,2910.13,-373.58,0.05800000000000001,90,107,0
Philip Brown,2012-10-22,12,64716.796500000004,9715.730000000001,0.04894736842105263,550,70,1
Philip Fox,2012-12-12,5,13433.4105,2065.93,0.05500000000000001,294,19,0
Philisse Overcash,2011-11-19,2,8396.5,2086.02,0.06999999999999999,86,408,0
Phillina Ober,2012-02-27,6,2157.49,200.64999999999998,0.04428571428571428,144,308,0
Phillip Breyer,2012-10-17,4,2899.5400000000004,358.52,0.04,144,75,0
Phillip Flathmann,2012-08-23,9,16286.2955,477.26,0.049999999999999996,256,130,0
Pierre Wener,2012-09-20,6,4751.86,456.35999999999996,0.04777777777777778,207,102,0
Quincy Jones,2012-12-29,19,48398.567,6192.13,0.0484,864,2,1
Rachel Payne,2012-09-09,7,18434.280000000002,2490.19,0.05,276,113,0
Ralph Arnett,2011-12-06,7,8292.69,-742.89,0.04750000000000001,216,391,0
Ralph Kennedy,2012-11-10,12,21329.728,4761.42,0.043333333333333335,418,51,1
Ralph Knight,2012-01-08,7,10174.915,2011.74,0.06285714285714286,147,358,0
Randy Bradley,2012-08-10,6,18407.059999999998,2566.19,0.042857142857142864,149,143,0
Randy Ferguson,2012-05-23,9,20332.1235,-308.16999999999985,0.048125,502,222,1
Raymond Book,2012-11-02,11,70426.59,18760.59,0.0485,567,59,1
Raymond Fair,2012-08-19,8,8270.075,2039.87,0.04818181818181819,353,134,0
Resi Polking,2012-03-29,9,18598.788,3615.17,0.05777777777777778,316,277,0
Ricardo Block,2011-04-05,5,16004.68,-1024.8400000000001,0.04666666666666667,225,636,0
Ricardo Emerson,2012-12-15,4,19562.370000000003,3897.92,0.045714285714285714,187,16,0
Richard Bierner,2012-08-14,5,7103.9495,632.9300000000001,0.05,150,139,0
Richard Eichhorn,2012-12-23,4,11783.849999999999,171.07999999999993,0.043333333333333335,147,8,0
Rick Bensley,2012-09-23,6,20704.2195,2601.4,0.04,314,99,0
Rick Duston,2012-09-19,6,30727.311,4667.389999999999,0.063,260,103,0
Rick Hansen,2012-12-22,10,9250.624,-390.55,0.052000000000000005,321,9,0
Rick Huthwaite,2011-07-12,2,415.82000000000005,-42.24,0.05666666666666667,79,538,0
Rick Reed,2009-01-30,2,32088.420000000002,11695.88,0.04666666666666667,109,1431,0
Rick Wilson,2012-12-10,14,58024.7515,16704.059999999998,0.035,542,21,1
Ritsa Hightower,2012-10-27,8,54630.1045,11960.800000000001,0.049375,390,65,1
Rob Beeghly,2011-11-28,4,9664.17,-2039.87,0.0375,261,399,0
Rob Dowd,2012-09-13,8,16448.427499999998,3612.9,0.03818181818181818,293,109,0
Rob Haberlin,2012-10-03,16,39069.3685,5557.870000000001,0.044782608695652176,593,89,1
Rob Lucas,2012-04-12,2,5395.09,-837.1899999999999,0.025,58,263,0
Rob Williams,2012-08-10,4,3592.922,155.1,0.0325,71,143,0
Robert Barroso,2011-04-29,5,34398.05,10996.56,0.045000000000000005,297,612,0
Robert Dilbeck,2012-05-29,5,6232.9,1208.21,0.062,166,216,0
Robert Marley,2012-02-08,7,5860.3745,-1199.59,0.046363636363636364,199,327,0
Robert Waldorf,2011-09-08,5,9698.114,473.28999999999996,0.045714285714285714,193,480,0
Roger Barcio,2011-03-13,3,1533.01,195.48999999999998,0.05333333333333334,101,659,0
Roger Demir,2012-04-17,6,20742.67,-10187.919999999998,0.03777777777777777,148,258,0
Roland Black,2012-12-27,6,14228.586000000001,2206.8,0.03777777777777778,206,4,0
Roland Fjeld,2012-09-01,5,2804.93,368.96000000000004,0.05,129,121,0
Roland Murray,2012-09-24,4,781.02,43.13,0.052500000000000005,108,98,0
Rose O'Brian,2012-10-12,4,8584.655,2411.87,0.060000000000000005,196,80,0
Ross Baird,2010-09-27,4,5602.6345,-235.54,0.03333333333333333,129,826,0
Ross DeVincentis,2012-01-24,2,25583.82,5619.73,0.06,113,342,0
Roy Collins,2012-07-08,9,11626.160000000002,1688.5200000000002,0.048666666666666664,358,176,0
Roy French,2011-09-02,5,15290.047999999999,1236.3899999999999,0.044000000000000004,155,486,0
Roy Phan,2012-09-22,12,46546.165,-9613.990000000002,0.049444444444444444,361,100,1
Roy Skaria,2012-12-04,18,92542.153,1343.9399999999996,0.046538461538461535,773,27,1
Ruben Ausman,2012-12-19,4,17061.5965,2844.09,0.0425,224,12,0
Ruben Dartt,2012-05-08,7,46399.438,10647.93,0.038,217,237,1
Russell Applegate,2012-06-12,7,32583.0165,8981.46,0.05454545454545454,337,202,1
Russell D'Ascenzo,2012-07-23,4,928.0025,-257.36,0.0475,67,161,0
Ryan Akin,2011-03-31,3,4327.8555,594.9000000000001,0.02,127,641,0
Ryan Crowe,2012-12-02,6,8069.1415,390.28,0.06142857142857143,147,29,0
Sally Hughsby,2012-08-18,16,22820.146,1993.81,0.045238095238095244,502,135,1
Sally Knutson,2012-09-20,15,38449.29,-953.29,0.061111111111111116,842,102,1
Sally Matthias,2012-05-31,8,40273.752,6875.79,0.04,249,214,1
Sam Craven,2012-05-05,6,6401.41,-1205.52,0.059,242,240,0
Sam Zeldin,2010-11-29,4,1290.002,-15.010000000000012,0.0725,52,763,0
Sample Company A,2011-11-02,1,2484.7455,657.48,0.1,46,425,0
Sandra Flanagan,2012-09-15,7,13796.525,-3.0600000000000023,0.05363636363636364,277,107,0
Sandra Glassco,2012-12-01,9,25908.939,5127.58,0.05555555555555555,406,30,1
Sanjit Chand,2012-11-21,8,40353.994,1778.06,0.04750000000000001,290,40,1
Sanjit Engle,2012-12-17,3,1896.7,-952.6100000000001,0.05666666666666667,78,14,0
Sanjit Jacobs,2011-10-03,8,15371.42,863.6100000000001,0.02727272727272727,339,455,0
Saphhira Shifley,2012-10-09,11,13576.1455,1078.6499999999999,0.051875000000000004,468,83,1
Sara Luxemburg,2012-03-29,12,16316.5715,-196.67000000000007,0.05473684210526316,428,277,1
Sarah Bern,2012-07-01,5,629.7,-90.34,0.074,98,183,0
Sarah Brown,2012-12-04,9,10778.6705,1911.8899999999999,0.0375,331,27,0
Sarah Foster,2011-11-15,5,10735.5655,936.8299999999999,0.05600000000000001,336,412,0
Sarah Jordon,2012-09-20,5,8199.34,-798.31,0.05375,193,102,0
Scot Coram,2012-07-25,6,16775.2625,-951.7800000000003,0.051250000000000004,232,159,0
Scot Wooten,2012-11-28,3,1635.65,125.3,0.09666666666666668,59,33,0
Scott Cohen,2012-09-03,9,29811.3505,689.3800000000001,0.04583333333333334,240,119,0
Scott Williamson,2011-12-20,2,852.11,-450.4,0.05333333333333334,133,377,0
Sean Braxton,2012-03-28,6,17969.387000000002,365.94,0.04666666666666667,202,278,0
Sean Christensen,2011-09-04,6,12361.165500000001,1533.1299999999999,0.04375,221,484,0
Sean Miller,2012-12-09,6,28271.0575,5581.57,0.039,248,22,0
Sean O'Donnell,2012-09-14,10,11506.3625,2411.67,0.04625,454,108,1
Sean Wendt,2012-07-17,8,18947.68,1508.19,0.06777777777777777,171,167,0
Seth Vernon,2012-03-04,6,38977.811,148.8599999999999,0.055,352,302,0
Shahid Collister,2012-03-16,2,11728.453,2137.96,0.04,153,290,0
Shahid Hopkins,2012-08-20,6,4605.224,360.09000000000003,0.025555555555555557,255,133,0
Shahid Shariari,2012-11-22,14,29786.8295,-445.9700000000001,0.04,495,39,1
Sharelle Roach,2010-10-26,3,4735.263999999999,1304.62,0.04,96,797,0
Shaun Chance,2011-10-21,9,12748.137999999999,1867.1899999999998,0.05090909090909091,237,437,0
Shaun Weien,2012-05-10,4,11813.18,2024.0600000000002,0.04125,223,235,0
Sheri Gordon,2012-10-20,6,22900.1275,3789.33,0.04750000000000001,389,72,1
Shirley Daniels,2012-09-17,2,12897.490000000002,1806.36,0.04,132,105,0
Shirley Jackson,2011-10-10,5,5333.764,671.12,0.0325,223,448,0
Shirley Schmidt,2012-12-29,3,7054.7155,-460.56000000000006,0.05,159,2,0
Shui Tom,2012-04-23,4,27672.440000000002,7138.59,0.042222222222222223,252,252,0
Sibella Parks,2012-08-29,10,17557.869,2869.23,0.037142857142857144,372,124,1
Skye Norling,2012-01-20,5,11710.830000000002,2232.49,0.04555555555555556,300,346,0
Sonia Cooley,2012-08-22,5,10086.07,-2881.2799999999997,0.044,167,131,0
Sonia Sunley,2012-06-25,16,44248.829,3683.9199999999996,0.05615384615384615,635,189,1
Speros Goranitis,2012-10-07,7,12539.34,1686.17,0.07125,158,85,0
Stefania Perrino,2012-09-11,5,12332.5095,1660.38,0.030000000000000002,194,111,0
Stefanie Holloman,2011-08-09,2,8451.078,-39.93999999999999,0.05333333333333332,75,510,0
Stephanie Phelps,2012-11-28,6,25071.544,5391.74,0.049999999999999996,261,33,0
Stephanie Ulpright,2012-09-30,5,27898.8725,970.6199999999999,0.06636363636363636,273,92,0
Steve Carroll,2012-08-03,5,7032.479,585.9200000000001,0.05,227,150,0
Steve Chapman,2012-11-07,8,42872.99,7572.17,0.04875,378,54,1
Steve Nguyen,2012-11-16,13,23642.811999999998,3562.8399999999997,0.04,509,45,1
Steven Cartwright,2012-05-18,4,3821.6980000000003,-1102.8999999999999,0.05800000000000001,174,227,0
Steven Roelle,2012-07-31,6,21108.357500000002,-3370.4299999999994,0.041666666666666664,322,153,0
Steven Ward,2011-11-26,7,20241.5,7366.11,0.03428571428571429,167,401,0
Stewart Carmichael,2010-12-28,2,1134.88,-88.97,0.060000000000000005,54,734,0
Stewart Visinsky,2012-09-23,6,8284.9355,27.84999999999998,0.05714285714285715,104,99,0
Stuart Calhoun,2011-09-18,6,18745.6415,1579.36,0.042222222222222223,218,470,0
Stuart Van,2012-12-13,5,14040.89,529.7700000000001,0.045714285714285714,177,18,0
Sue Ann Reed,2011-12-11,5,6922.817,897.3900000000001,0.0625,230,386,0
Sung Chung,2012-12-10,4,9900.2845,2542.23,0.0325,242,21,0
Sung Pak,2012-12-21,8,20346.156000000003,3863.4500000000003,0.06125,234,10,0
Sung Shariari,2012-07-03,7,4984.61,574.29,0.051000000000000004,216,181,0
Susan Gilcrest,2011-08-15,3,5709.4845000000005,1638.03,0.05,150,504,0
Susan MacKendrick,2010-12-29,3,24129.84,3754.54,0.043333333333333335,273,733,0
Susan Pistek,2012-07-30,6,9169.238,1528.34,0.065,109,154,0
Susan Vittorini,2012-09-16,11,19146.37,2917.54,0.04428571428571428,325,106,1
Suzanne McNair,2012-09-05,8,21327.178,3184.0299999999997,0.05909090909090909,227,117,0
Sylvia Foulston,2012-10-12,18,88875.7575,5141.9,0.0725,707,80,1
Tamara Chand,2012-06-16,5,7676.209999999999,-2455.04,0.043333333333333335,196,198,0
Tamara Dahlen,2012-03-11,7,27294.229,-453.66999999999996,0.05333333333333334,213,295,0
Tamara Manning,2012-11-19,7,33139.6535,4538.64,0.049999999999999996,282,42,1
Tamara Willingham,2012-03-28,10,30495.554,-9238.289999999999,0.045625,384,278,0
Tanja Norvell,2012-09-16,15,37446.559,2203.7200000000003,0.05045454545454546,575,106,1
Ted Butterfield,2010-01-24,1,2531.272,341.27,0.07500000000000001,89,1072,0
Ted Trevino,2012-04-29,5,8520.814,275.34999999999997,0.06166666666666667,111,246,0
Thais Sissman,2012-04-13,12,22675.454999999998,-994.44,0.056190476190476187,473,262,1
Thea Hendricks,2012-09-03,5,7459.0475,653.85,0.03875,192,119,0
Thea Hudgings,2012-12-16,8,8085.06,345.64,0.061111111111111116,309,15,0
Theone Pippenger,2012-10-04,7,15223.730000000001,-1400.14,0.07181818181818182,299,88,0
Theresa Coyne,2012-11-08,3,8019.349999999999,390.21,0.054000000000000006,140,53,0
Theresa Swint,2012-12-30,13,13119.31,-431.3999999999999,0.057499999999999996,474,1,1
Thomas Boland,2012-06-08,7,14160.6725,1086.8600000000001,0.060000000000000005,229,206,0
Thomas Brumley,2012-08-10,5,8819.5645,-287.53,0.05285714285714286,164,143,0
Thomas Seio,2011-04-11,3,12864.07,1419.29,0.03428571428571429,194,630,0
Thomas Thornton,2012-06-11,7,11081.0615,2141.88,0.049,280,203,0
Tiffany House,2010-07-28,1,617.92,-90.21000000000001,0.06,17,887,0
Tim Brockman,2010-12-15,7,23653.516499999998,3966.74,0.042222222222222223,263,747,0
Tim Taslimi,2012-08-27,6,12331.7925,1083.38,0.045714285714285714,183,126,0
Toby Braunhardt,2009-08-15,1,1060.342,-1.2999999999999972,0.07333333333333335,89,1234,0
Toby Carlisle,2012-09-16,6,15070.041,3826.0899999999997,0.075,154,106,0
Toby Grace,2012-09-24,5,18129.8615,6324.2,0.041666666666666664,153,98,0
Toby Knight,2012-02-15,4,4873.847,409.90999999999997,0.03142857142857143,137,320,0
Toby Swindell,2012-02-11,7,13089.786,-1624.96,0.04125,329,324,0
Todd Boyes,2012-09-13,9,33070.6105,8070.969999999999,0.051176470588235295,471,109,1
Todd Sumrall,2011-12-24,2,3226.9795,-42.2,0.045,54,373,0
Tom Ashbrook,2011-02-11,3,12422.871,2018.6800000000003,0.05,216,689,0
Tom Boeckenhauer,2012-10-18,7,10719.979,1384.0200000000002,0.0625,218,74,0
Tom Prescott,2012-11-11,11,8761.64,-719.88,0.055,274,50,0
Tom Stivers,2012-05-07,10,16842.6915,3067.8599999999997,0.04071428571428572,423,238,1
Tom Zandusky,2012-11-25,3,5186.99,81.23000000000002,0.064,76,36,0
Tonja Turnell,2012-09-16,11,45788.67,5748.97,0.03785714285714286,395,106,1
Tony Chapman,2012-03-22,5,41020.627,776.53,0.0575,241,284,0
Tony Molinari,2012-12-30,6,12002.08,-1093.74,0.047,280,1,0
Tony Sayre,2012-12-16,16,29860.555,3745.75,0.04758620689655173,687,15,1
Tracy Blumstein,2012-02-17,5,13049.6585,2033.96,0.043,247,318,0
Tracy Collins,2012-06-10,11,28834.656,7432.88,0.051666666666666666,456,204,1
Tracy Hopkins,2012-03-19,5,11853.5175,1891.07,0.06,202,287,0
Tracy Poddar,2012-09-09,10,9212.673999999999,2450.48,0.0625,231,113,0
Tracy Zic,2012-11-19,4,19018.65,2791.79,0.0475,180,42,0
Troy Blackwell,2012-09-29,9,26184.5915,4780.76,0.042,441,93,1
Troy Staebel,2012-08-20,7,8422.81,-916.2,0.053076923076923084,262,133,0
Trudy Bell,2011-08-05,8,3948.658,99.33999999999995,0.042222222222222223,276,514,0
Trudy Brown,2011-04-15,6,4784.589999999999,761.2099999999999,0.045,256,626,0
Trudy Schmidt,2012-06-11,5,5428.99,1033.8,0.05285714285714286,169,203,0
Valerie Dominguez,2012-08-17,7,7052.120000000001,787.0,0.05,262,136,0
Valerie Mitchum,2012-09-24,4,12911.4315,2430.31,0.06,196,98,0
Valerie Takahito,2012-09-23,11,39517.0705,7936.08,0.04684210526315789,476,99,1
Vicky Freymann,2012-08-30,6,20949.488,3647.23,0.05666666666666667,224,123,0
Victor Price,2012-06-24,5,6329.3885,1059.05,0.05666666666666667,78,190,0
Victoria Brennan,2012-08-13,8,9011.42,1380.97,0.04363636363636363,251,140,0
Victoria Pisteka,2012-04-09,10,19614.363,3597.94,0.051666666666666666,478,266,1
Victoria Wilson,2012-09-13,8,42960.68,3926.0899999999997,0.049375,463,109,1
Vivek Gonzalez,2011-12-02,5,7054.69,-726.23,0.04833333333333333,107,395,0
Vivek Grady,2012-11-20,12,27147.0255,3123.55,0.05652173913043478,552,41,1
Vivek Sundaresam,2012-12-14,8,12155.528,-1474.58,0.065,170,17,0
Vivian Mathis,2012-11-06,11,29420.89,1705.8899999999999,0.04733333333333333,359,55,1
William Brown,2012-12-20,15,38872.590000000004,5886.45,0.04086956521739131,555,11,1
Xylona Price,2012-12-06,7,18037.0855,1124.2199999999998,0.04285714285714286,374,25,0
Yana Sorensen,2012-08-20,6,1987.1599999999999,-261.53,0.03666666666666667,153,133,0
Yoseph Carroll,2012-10-18,7,10535.318,744.6700000000001,0.05444444444444444,276,74,0
